{
	"comments": {
		"lineComment": "//", // "#"
		"blockComment": [ "/*", "*/" ]
	},
	"brackets": [
		["{", "}"],
		["[", "]"],
		["(", ")"]
	],
	"autoClosingPairs": [
		{ "open": "{", "close": "}", "notIn": ["string"] },
		{ "open": "[", "close": "]", "notIn": ["string"] },
		{ "open": "(", "close": ")", "notIn": ["string"] },
		{ "open": "'", "close": "'", "notIn": ["string", "comment"] },
		{ "open": "\"", "close": "\"", "notIn": ["string", "comment"] },
		{ "open": "/**", "close": " */", "notIn": ["string"] }
	],
	"surroundingPairs": [
		["{", "}"],
		["[", "]"],
		["(", ")"],
		["'", "'"],
		["\"", "\""]
	],
	"indentationRules": {
		"increaseIndentPattern": "({(?!.+}).*|\\(|\\[|((else(\\s)?)?if|else|for(each)?|while|switch).*:)\\s*(/[/*].*)?$",
		"decreaseIndentPattern": "^(.*\\*\\/)?\\s*((\\})|(\\)+[;,])|(\\][;,])|\\b(else:)|\\b((end(if|for(each)?|while|switch));))"
	}
}